ID,name,createdAt,createdBy,modifiedAt,modifiedBy
8053196,name-8053196,2006-11-09T00:00:00.000Z,createdBy.4slvw@example.net,2006-05-11T00:00:00.000Z,modifiedBy.4slvw@example.org
9332195,name-9332195,2011-08-06T00:00:00.000Z,createdBy.5k0rn@example.org,2007-01-20T00:00:00.000Z,modifiedBy.5k0rn@example.org
9332196,name-9332196,2018-02-28T00:00:00.000Z,createdBy.5k0ro@example.net,2003-03-06T00:00:00.000Z,modifiedBy.5k0ro@example.com
9332197,name-9332197,2008-07-17T00:00:00.000Z,createdBy.5k0rp@example.net,2001-06-01T00:00:00.000Z,modifiedBy.5k0rp@example.org
9332198,name-9332198,2020-07-02T00:00:00.000Z,createdBy.5k0rq@example.com,2012-09-27T00:00:00.000Z,modifiedBy.5k0rq@example.net
9332199,name-9332199,2000-09-07T00:00:00.000Z,createdBy.5k0rr@example.com,2014-10-15T00:00:00.000Z,modifiedBy.5k0rr@example.org
9332200,name-9332200,2006-02-04T00:00:00.000Z,createdBy.5k0rs@example.com,2020-01-19T00:00:00.000Z,modifiedBy.5k0rs@example.org
9332201,name-9332201,2017-02-07T00:00:00.000Z,createdBy.5k0rt@example.com,2009-10-16T00:00:00.000Z,modifiedBy.5k0rt@example.com
9332202,name-9332202,2021-09-11T00:00:00.000Z,createdBy.5k0ru@example.net,2002-11-18T00:00:00.000Z,modifiedBy.5k0ru@example.net
9332203,name-9332203,2019-11-10T00:00:00.000Z,createdBy.5k0rv@example.org,2010-04-19T00:00:00.000Z,modifiedBy.5k0rv@example.com